Method,N,NT_TRAIN,Parameter,True_Value,Mean,SD,SE,Bias,Relative_Bias_pct,RMSE,Coverage_Rate,Power,N_Valid,Mean_All_LL_Best,Mean_Observed_Accuracy,Mean_Observed_Sensitivity,Mean_Observed_Specificity,Mean_Observed_Precision,Mean_Observed_F1_Score,Mean_Forecast_Accuracy,Mean_Forecast_Sensitivity,Mean_Forecast_Specificity,Mean_Forecast_Precision,Mean_Forecast_F1_Score
two_stage,100,25,gamma1,1.48,-11.758917,16.040544,1.612135,-13.238917,-894.52,20.735694,0.5312,0.5156,99,-3.7601,0.6668,0.765,0.2975,0.8401,0.7133,0.7817,0.7949,0.2469,0.9806,0.8166
two_stage,100,25,B11_1,-0.05,0.007016,0.096576,0.009706,0.057016,114.03,0.11173,0.1414,0.798,99,-3.7601,0.6668,0.765,0.2975,0.8401,0.7133,0.7817,0.7949,0.2469,0.9806,0.8166
two_stage,100,25,B11_2,-0.06,0.017945,0.059682,0.005998,0.077945,129.91,0.097987,0.1515,0.8485,99,-3.7601,0.6668,0.765,0.2975,0.8401,0.7133,0.7817,0.7949,0.2469,0.9806,0.8166
two_stage,100,25,B21_1,-0.87,-0.083661,0.135284,0.013597,0.786339,90.38,0.797776,0.0505,0.8889,99,-3.7601,0.6668,0.765,0.2975,0.8401,0.7133,0.7817,0.7949,0.2469,0.9806,0.8166
two_stage,100,25,B21_2,-0.77,-0.081736,0.13065,0.013131,0.688264,89.38,0.700431,0.0808,0.7475,99,-3.7601,0.6668,0.765,0.2975,0.8401,0.7133,0.7817,0.7949,0.2469,0.9806,0.8166
two_stage,100,25,B22_1,-0.92,-0.270669,0.440307,0.044253,0.649331,70.58,0.78329,0.1717,0.8788,99,-3.7601,0.6668,0.765,0.2975,0.8401,0.7133,0.7817,0.7949,0.2469,0.9806,0.8166
two_stage,100,25,B22_2,-0.45,-0.127594,0.254729,0.025601,0.322406,71.65,0.410094,0.1212,0.6364,99,-3.7601,0.6668,0.765,0.2975,0.8401,0.7133,0.7817,0.7949,0.2469,0.9806,0.8166
two_stage,100,25,B31d_1,0.33,0.706597,0.671053,0.067443,0.376597,114.12,0.766543,0.0714,0.949,99,-3.7601,0.6668,0.765,0.2975,0.8401,0.7133,0.7817,0.7949,0.2469,0.9806,0.8166
two_stage,100,25,B31d_2,0.15,0.675238,0.719279,0.07229,0.525238,350.16,0.8877,0.0612,0.949,99,-3.7601,0.6668,0.765,0.2975,0.8401,0.7133,0.7817,0.7949,0.2469,0.9806,0.8166
two_stage,100,25,B32d_1,0.31,0.7852,0.236943,0.023814,0.4752,153.29,0.530462,0.202,0.899,99,-3.7601,0.6668,0.765,0.2975,0.8401,0.7133,0.7817,0.7949,0.2469,0.9806,0.8166
two_stage,100,25,B32d_2,0.69,0.929897,0.148289,0.014904,0.239897,34.77,0.281635,0.1212,0.9495,99,-3.7601,0.6668,0.765,0.2975,0.8401,0.7133,0.7817,0.7949,0.2469,0.9806,0.8166
two_stage,100,25,B41d_1,0.11,0.023572,0.164288,0.016512,-0.086428,-78.57,0.184899,0.3469,0.4388,99,-3.7601,0.6668,0.765,0.2975,0.8401,0.7133,0.7817,0.7949,0.2469,0.9806,0.8166
two_stage,100,25,B41d_2,-0.3,-0.085898,0.318753,0.032036,0.214102,71.37,0.382644,0.1531,0.1735,99,-3.7601,0.6668,0.765,0.2975,0.8401,0.7133,0.7817,0.7949,0.2469,0.9806,0.8166
two_stage,100,25,B42d_1,0.57,0.176534,0.19548,0.019647,-0.393466,-69.03,0.43891,0.1818,0.9091,99,-3.7601,0.6668,0.765,0.2975,0.8401,0.7133,0.7817,0.7949,0.2469,0.9806,0.8166
two_stage,100,25,B42d_2,0.01,0.018586,0.056306,0.005659,0.008586,85.86,0.056675,0.8283,0.1515,99,-3.7601,0.6668,0.765,0.2975,0.8401,0.7133,0.7817,0.7949,0.2469,0.9806,0.8166
two_stage,100,25,Q1d_1,0.08,0.043639,0.01618,0.001626,-0.036361,-45.45,0.039765,1.0,0.0,99,-3.7601,0.6668,0.765,0.2975,0.8401,0.7133,0.7817,0.7949,0.2469,0.9806,0.8166
two_stage,100,25,Q1d_2,0.05,0.042103,0.008556,0.00086,-0.007897,-15.79,0.011611,1.0,0.0,99,-3.7601,0.6668,0.765,0.2975,0.8401,0.7133,0.7817,0.7949,0.2469,0.9806,0.8166
two_stage,100,25,R1d_1,0.23,0.263513,0.01504,0.001512,0.033513,14.57,0.036702,0.9899,1.0,99,-3.7601,0.6668,0.765,0.2975,0.8401,0.7133,0.7817,0.7949,0.2469,0.9806,0.8166
two_stage,100,25,R1d_2,0.21,0.24468,0.0142,0.001427,0.03468,16.51,0.037447,0.9798,1.0,99,-3.7601,0.6668,0.765,0.2975,0.8401,0.7133,0.7817,0.7949,0.2469,0.9806,0.8166
two_stage,100,25,R1d_3,0.16,0.176698,0.00839,0.000843,0.016698,10.44,0.018668,1.0,1.0,99,-3.7601,0.6668,0.765,0.2975,0.8401,0.7133,0.7817,0.7949,0.2469,0.9806,0.8166
two_stage,100,25,R1d_4,0.61,0.618909,0.020255,0.002036,0.008909,1.46,0.022034,1.0,1.0,99,-3.7601,0.6668,0.765,0.2975,0.8401,0.7133,0.7817,0.7949,0.2469,0.9806,0.8166
two_stage,100,25,R2d_1,0.82,1.003304,1.008307,0.101339,0.183304,22.35,1.019811,1.0,0.0,99,-3.7601,0.6668,0.765,0.2975,0.8401,0.7133,0.7817,0.7949,0.2469,0.9806,0.8166
two_stage,100,25,R2d_2,0.73,0.898003,1.373862,0.138078,0.168003,23.01,1.377191,1.0,0.0,99,-3.7601,0.6668,0.765,0.2975,0.8401,0.7133,0.7817,0.7949,0.2469,0.9806,0.8166
two_stage,100,25,gamma2,-1.17,0.510935,4.756663,0.478063,1.680935,143.67,5.022235,0.625,0.1406,99,-3.7601,0.6668,0.765,0.2975,0.8401,0.7133,0.7817,0.7949,0.2469,0.9806,0.8166
two_stage,100,25,B12_1,0.45,0.175688,0.176047,0.017693,-0.274312,-60.96,0.325464,,,99,-3.7601,0.6668,0.765,0.2975,0.8401,0.7133,0.7817,0.7949,0.2469,0.9806,0.8166
two_stage,100,25,B12_2,0.22,0.122424,0.175942,0.017683,-0.097576,-44.35,0.20041,,,99,-3.7601,0.6668,0.765,0.2975,0.8401,0.7133,0.7817,0.7949,0.2469,0.9806,0.8166
two_stage,100,25,gamma3_1,0.26,0.0,0.0,0.0,-0.26,-100.0,0.26,,,99,-3.7601,0.6668,0.765,0.2975,0.8401,0.7133,0.7817,0.7949,0.2469,0.9806,0.8166
two_stage,100,25,gamma3_2,-0.83,0.0,0.0,0.0,0.83,100.0,0.83,,,99,-3.7601,0.6668,0.765,0.2975,0.8401,0.7133,0.7817,0.7949,0.2469,0.9806,0.8166
two_stage,100,25,gamma4_1,-0.74,0.0,0.0,0.0,0.74,100.0,0.74,,,99,-3.7601,0.6668,0.765,0.2975,0.8401,0.7133,0.7817,0.7949,0.2469,0.9806,0.8166
two_stage,100,25,gamma4_2,-0.19,0.0,0.0,0.0,0.19,100.0,0.19,,,99,-3.7601,0.6668,0.765,0.2975,0.8401,0.7133,0.7817,0.7949,0.2469,0.9806,0.8166
two_stage,100,25,P12,1e-12,0.0,0.0,0.0,-0.0,-0.0,0.0,,,99,-3.7601,0.6668,0.765,0.2975,0.8401,0.7133,0.7817,0.7949,0.2469,0.9806,0.8166
two_stage,100,25,Q2d_1,0.16,0.049178,0.046293,0.004653,-0.110822,-69.26,0.120012,,,99,-3.7601,0.6668,0.765,0.2975,0.8401,0.7133,0.7817,0.7949,0.2469,0.9806,0.8166
two_stage,100,25,Q2d_2,0.12,0.062842,0.041442,0.004165,-0.057158,-47.63,0.070478,,,99,-3.7601,0.6668,0.765,0.2975,0.8401,0.7133,0.7817,0.7949,0.2469,0.9806,0.8166
two_stage,100,25,P2,0.2,0.662588,0.124476,0.01251,0.462588,231.29,0.478879,,,99,-3.7601,0.6668,0.765,0.2975,0.8401,0.7133,0.7817,0.7949,0.2469,0.9806,0.8166
two_stage,100,25,LogLikelihood,,-3.7601,0.0393,,,,,,,99,-3.7601,0.6668,0.765,0.2975,0.8401,0.7133,0.7817,0.7949,0.2469,0.9806,0.8166
two_stage,100,25,ConvergenceRate,,0.99,,,,,,,,100,-3.7601,0.6668,0.765,0.2975,0.8401,0.7133,0.7817,0.7949,0.2469,0.9806,0.8166
two_stage,100,50,gamma1,1.48,-7.028054,15.16417,1.547687,-8.508054,-574.87,17.318882,0.4648,0.7324,96,-3.6894,0.6722,0.7039,0.4279,0.9269,0.709,0.7349,0.738,0.3054,0.993,0.7794
two_stage,100,50,B11_1,-0.05,-0.000507,0.119459,0.012192,0.049493,98.99,0.12873,0.1667,0.8125,96,-3.6894,0.6722,0.7039,0.4279,0.9269,0.709,0.7349,0.738,0.3054,0.993,0.7794
two_stage,100,50,B11_2,-0.06,0.009071,0.09328,0.00952,0.069071,115.12,0.115678,0.1042,0.8854,96,-3.6894,0.6722,0.7039,0.4279,0.9269,0.709,0.7349,0.738,0.3054,0.993,0.7794
two_stage,100,50,B21_1,-0.87,-0.125595,0.164604,0.0168,0.744405,85.56,0.762202,0.0312,0.9167,96,-3.6894,0.6722,0.7039,0.4279,0.9269,0.709,0.7349,0.738,0.3054,0.993,0.7794
two_stage,100,50,B21_2,-0.77,-0.082228,0.137568,0.014041,0.687772,89.32,0.701255,0.0625,0.8646,96,-3.6894,0.6722,0.7039,0.4279,0.9269,0.709,0.7349,0.738,0.3054,0.993,0.7794
two_stage,100,50,B22_1,-0.92,-0.268063,0.323181,0.032985,0.651937,70.86,0.726897,0.1458,0.8958,96,-3.6894,0.6722,0.7039,0.4279,0.9269,0.709,0.7349,0.738,0.3054,0.993,0.7794
two_stage,100,50,B22_2,-0.45,-0.078965,0.116171,0.011857,0.371035,82.45,0.388616,0.0938,0.7292,96,-3.6894,0.6722,0.7039,0.4279,0.9269,0.709,0.7349,0.738,0.3054,0.993,0.7794
two_stage,100,50,B31d_1,0.33,0.560854,0.851378,0.086893,0.230854,69.96,0.877831,0.2151,0.8495,96,-3.6894,0.6722,0.7039,0.4279,0.9269,0.709,0.7349,0.738,0.3054,0.993,0.7794
two_stage,100,50,B31d_2,0.15,0.790602,0.846426,0.086388,0.640602,427.07,1.057991,0.1613,0.8387,96,-3.6894,0.6722,0.7039,0.4279,0.9269,0.709,0.7349,0.738,0.3054,0.993,0.7794
two_stage,100,50,B32d_1,0.31,0.705265,0.271651,0.027725,0.395265,127.5,0.478811,0.1979,0.9062,96,-3.6894,0.6722,0.7039,0.4279,0.9269,0.709,0.7349,0.738,0.3054,0.993,0.7794
two_stage,100,50,B32d_2,0.69,0.947825,0.069668,0.00711,0.257825,37.37,0.266978,0.0833,0.9583,96,-3.6894,0.6722,0.7039,0.4279,0.9269,0.709,0.7349,0.738,0.3054,0.993,0.7794
two_stage,100,50,B41d_1,0.11,0.078247,0.366392,0.037395,-0.031753,-28.87,0.365859,0.3118,0.6559,96,-3.6894,0.6722,0.7039,0.4279,0.9269,0.709,0.7349,0.738,0.3054,0.993,0.7794
two_stage,100,50,B41d_2,-0.3,-0.031992,0.308845,0.031521,0.268008,89.34,0.4077,0.1935,0.2688,96,-3.6894,0.6722,0.7039,0.4279,0.9269,0.709,0.7349,0.738,0.3054,0.993,0.7794
two_stage,100,50,B42d_1,0.57,0.201322,0.201371,0.020552,-0.368678,-64.68,0.419585,0.1667,0.9062,96,-3.6894,0.6722,0.7039,0.4279,0.9269,0.709,0.7349,0.738,0.3054,0.993,0.7794
two_stage,100,50,B42d_2,0.01,0.00456,0.042932,0.004382,-0.00544,-54.4,0.043053,0.5417,0.3438,96,-3.6894,0.6722,0.7039,0.4279,0.9269,0.709,0.7349,0.738,0.3054,0.993,0.7794
two_stage,100,50,Q1d_1,0.08,0.04273,0.02817,0.002875,-0.03727,-46.59,0.04663,0.9896,0.0417,96,-3.6894,0.6722,0.7039,0.4279,0.9269,0.709,0.7349,0.738,0.3054,0.993,0.7794
two_stage,100,50,Q1d_2,0.05,0.030793,0.005825,0.000594,-0.019207,-38.41,0.020062,1.0,0.0,96,-3.6894,0.6722,0.7039,0.4279,0.9269,0.709,0.7349,0.738,0.3054,0.993,0.7794
two_stage,100,50,R1d_1,0.23,0.263392,0.017296,0.001765,0.033392,14.52,0.037564,0.8542,1.0,96,-3.6894,0.6722,0.7039,0.4279,0.9269,0.709,0.7349,0.738,0.3054,0.993,0.7794
two_stage,100,50,R1d_2,0.21,0.244278,0.017422,0.001778,0.034278,16.32,0.03841,0.8333,1.0,96,-3.6894,0.6722,0.7039,0.4279,0.9269,0.709,0.7349,0.738,0.3054,0.993,0.7794
two_stage,100,50,R1d_3,0.16,0.180738,0.005709,0.000583,0.020738,12.96,0.021502,1.0,1.0,96,-3.6894,0.6722,0.7039,0.4279,0.9269,0.709,0.7349,0.738,0.3054,0.993,0.7794
two_stage,100,50,R1d_4,0.61,0.623993,0.014621,0.001492,0.013993,2.29,0.020183,0.9792,1.0,96,-3.6894,0.6722,0.7039,0.4279,0.9269,0.709,0.7349,0.738,0.3054,0.993,0.7794
two_stage,100,50,R2d_1,0.82,1.36692,2.256367,0.230289,0.54692,66.7,2.310255,0.9674,0.0543,96,-3.6894,0.6722,0.7039,0.4279,0.9269,0.709,0.7349,0.738,0.3054,0.993,0.7794
two_stage,100,50,R2d_2,0.73,0.741329,0.322815,0.032947,0.011329,1.55,0.321329,0.957,0.0645,96,-3.6894,0.6722,0.7039,0.4279,0.9269,0.709,0.7349,0.738,0.3054,0.993,0.7794
two_stage,100,50,gamma2,-1.17,1.364234,6.958862,0.710236,2.534234,216.6,7.371816,0.4507,0.2676,96,-3.6894,0.6722,0.7039,0.4279,0.9269,0.709,0.7349,0.738,0.3054,0.993,0.7794
two_stage,100,50,B12_1,0.45,0.273326,0.343953,0.035105,-0.176674,-39.26,0.385078,,,96,-3.6894,0.6722,0.7039,0.4279,0.9269,0.709,0.7349,0.738,0.3054,0.993,0.7794
two_stage,100,50,B12_2,0.22,0.096943,0.143982,0.014695,-0.123057,-55.94,0.188833,,,96,-3.6894,0.6722,0.7039,0.4279,0.9269,0.709,0.7349,0.738,0.3054,0.993,0.7794
two_stage,100,50,gamma3_1,0.26,0.0,0.0,0.0,-0.26,-100.0,0.26,,,96,-3.6894,0.6722,0.7039,0.4279,0.9269,0.709,0.7349,0.738,0.3054,0.993,0.7794
two_stage,100,50,gamma3_2,-0.83,0.0,0.0,0.0,0.83,100.0,0.83,,,96,-3.6894,0.6722,0.7039,0.4279,0.9269,0.709,0.7349,0.738,0.3054,0.993,0.7794
two_stage,100,50,gamma4_1,-0.74,0.0,0.0,0.0,0.74,100.0,0.74,,,96,-3.6894,0.6722,0.7039,0.4279,0.9269,0.709,0.7349,0.738,0.3054,0.993,0.7794
two_stage,100,50,gamma4_2,-0.19,0.0,0.0,0.0,0.19,100.0,0.19,,,96,-3.6894,0.6722,0.7039,0.4279,0.9269,0.709,0.7349,0.738,0.3054,0.993,0.7794
two_stage,100,50,P12,1e-12,0.0,0.0,0.0,0.0,0.0,0.0,,,96,-3.6894,0.6722,0.7039,0.4279,0.9269,0.709,0.7349,0.738,0.3054,0.993,0.7794
two_stage,100,50,Q2d_1,0.16,0.061434,0.111764,0.011407,-0.098566,-61.6,0.148581,,,96,-3.6894,0.6722,0.7039,0.4279,0.9269,0.709,0.7349,0.738,0.3054,0.993,0.7794
two_stage,100,50,Q2d_2,0.12,0.040676,0.078836,0.008046,-0.079324,-66.1,0.111546,,,96,-3.6894,0.6722,0.7039,0.4279,0.9269,0.709,0.7349,0.738,0.3054,0.993,0.7794
two_stage,100,50,P2,0.2,0.653212,0.120027,0.01225,0.453212,226.61,0.468676,,,96,-3.6894,0.6722,0.7039,0.4279,0.9269,0.709,0.7349,0.738,0.3054,0.993,0.7794
two_stage,100,50,LogLikelihood,,-3.6894,0.0387,,,,,,,96,-3.6894,0.6722,0.7039,0.4279,0.9269,0.709,0.7349,0.738,0.3054,0.993,0.7794
two_stage,100,50,ConvergenceRate,,0.96,,,,,,,,100,-3.6894,0.6722,0.7039,0.4279,0.9269,0.709,0.7349,0.738,0.3054,0.993,0.7794
two_stage,50,25,gamma1,1.48,-8.87683,14.990136,1.506565,-10.35683,-699.79,18.157598,0.7468,0.4177,99,-3.7472,0.6473,0.7248,0.3779,0.8497,0.6998,0.7454,0.7556,0.2976,0.9836,0.7956
two_stage,50,25,B11_1,-0.05,0.028235,0.076131,0.007651,0.078235,156.47,0.108895,0.0909,0.6667,99,-3.7472,0.6473,0.7248,0.3779,0.8497,0.6998,0.7454,0.7556,0.2976,0.9836,0.7956
two_stage,50,25,B11_2,-0.06,0.024303,0.061245,0.006155,0.084303,140.51,0.104019,0.1818,0.6768,99,-3.7472,0.6473,0.7248,0.3779,0.8497,0.6998,0.7454,0.7556,0.2976,0.9836,0.7956
two_stage,50,25,B21_1,-0.87,-0.079789,0.127753,0.01284,0.790211,90.83,0.800368,0.0606,0.5354,99,-3.7472,0.6473,0.7248,0.3779,0.8497,0.6998,0.7454,0.7556,0.2976,0.9836,0.7956
two_stage,50,25,B21_2,-0.77,-0.08475,0.158498,0.01593,0.68525,88.99,0.703161,0.1313,0.3333,99,-3.7472,0.6473,0.7248,0.3779,0.8497,0.6998,0.7454,0.7556,0.2976,0.9836,0.7956
two_stage,50,25,B22_1,-0.92,-0.272138,0.469429,0.047179,0.647862,70.42,0.798663,0.1919,0.6465,99,-3.7472,0.6473,0.7248,0.3779,0.8497,0.6998,0.7454,0.7556,0.2976,0.9836,0.7956
two_stage,50,25,B22_2,-0.45,-0.120555,0.223118,0.022424,0.329445,73.21,0.397257,0.1717,0.4646,99,-3.7472,0.6473,0.7248,0.3779,0.8497,0.6998,0.7454,0.7556,0.2976,0.9836,0.7956
two_stage,50,25,B31d_1,0.33,0.789224,0.492128,0.049461,0.459224,139.16,0.67129,0.0808,0.9394,99,-3.7472,0.6473,0.7248,0.3779,0.8497,0.6998,0.7454,0.7556,0.2976,0.9836,0.7956
two_stage,50,25,B31d_2,0.15,0.665422,0.691342,0.069482,0.515422,343.61,0.859526,0.1212,0.8687,99,-3.7472,0.6473,0.7248,0.3779,0.8497,0.6998,0.7454,0.7556,0.2976,0.9836,0.7956
two_stage,50,25,B32d_1,0.31,0.755094,0.252366,0.025364,0.445094,143.58,0.511033,0.2121,0.8081,99,-3.7472,0.6473,0.7248,0.3779,0.8497,0.6998,0.7454,0.7556,0.2976,0.9836,0.7956
two_stage,50,25,B32d_2,0.69,0.927588,0.130632,0.013129,0.237588,34.43,0.270814,0.1818,0.8889,99,-3.7472,0.6473,0.7248,0.3779,0.8497,0.6998,0.7454,0.7556,0.2976,0.9836,0.7956
two_stage,50,25,B41d_1,0.11,0.039344,0.205211,0.020624,-0.070656,-64.23,0.216052,0.5758,0.303,99,-3.7472,0.6473,0.7248,0.3779,0.8497,0.6998,0.7454,0.7556,0.2976,0.9836,0.7956
two_stage,50,25,B41d_2,-0.3,-0.045645,0.262462,0.026378,0.254355,84.79,0.364537,0.303,0.1111,99,-3.7472,0.6473,0.7248,0.3779,0.8497,0.6998,0.7454,0.7556,0.2976,0.9836,0.7956
two_stage,50,25,B42d_1,0.57,0.176087,0.180466,0.018137,-0.393913,-69.11,0.432904,0.2222,0.6869,99,-3.7472,0.6473,0.7248,0.3779,0.8497,0.6998,0.7454,0.7556,0.2976,0.9836,0.7956
two_stage,50,25,B42d_2,0.01,0.010024,0.052406,0.005267,2.4e-05,0.24,0.05214,0.9495,0.0909,99,-3.7472,0.6473,0.7248,0.3779,0.8497,0.6998,0.7454,0.7556,0.2976,0.9836,0.7956
two_stage,50,25,Q1d_1,0.08,0.041567,0.018648,0.001874,-0.038433,-48.04,0.042677,1.0,0.0,99,-3.7472,0.6473,0.7248,0.3779,0.8497,0.6998,0.7454,0.7556,0.2976,0.9836,0.7956
two_stage,50,25,Q1d_2,0.05,0.042168,0.009933,0.000998,-0.007832,-15.66,0.012609,1.0,0.0,99,-3.7472,0.6473,0.7248,0.3779,0.8497,0.6998,0.7454,0.7556,0.2976,0.9836,0.7956
two_stage,50,25,R1d_1,0.23,0.264587,0.01826,0.001835,0.034587,15.04,0.039068,1.0,1.0,99,-3.7472,0.6473,0.7248,0.3779,0.8497,0.6998,0.7454,0.7556,0.2976,0.9836,0.7956
two_stage,50,25,R1d_2,0.21,0.244644,0.018041,0.001813,0.034644,16.5,0.039018,1.0,1.0,99,-3.7472,0.6473,0.7248,0.3779,0.8497,0.6998,0.7454,0.7556,0.2976,0.9836,0.7956
two_stage,50,25,R1d_3,0.16,0.176266,0.010879,0.001093,0.016266,10.17,0.019538,1.0,0.8283,99,-3.7472,0.6473,0.7248,0.3779,0.8497,0.6998,0.7454,0.7556,0.2976,0.9836,0.7956
two_stage,50,25,R1d_4,0.61,0.623276,0.024208,0.002433,0.013276,2.18,0.027502,1.0,1.0,99,-3.7472,0.6473,0.7248,0.3779,0.8497,0.6998,0.7454,0.7556,0.2976,0.9836,0.7956
two_stage,50,25,R2d_1,0.82,1.949063,3.314318,0.333102,1.129063,137.69,3.485474,1.0,0.0,99,-3.7472,0.6473,0.7248,0.3779,0.8497,0.6998,0.7454,0.7556,0.2976,0.9836,0.7956
two_stage,50,25,R2d_2,0.73,1.115549,2.041018,0.20513,0.385549,52.81,2.06696,0.9888,0.0112,99,-3.7472,0.6473,0.7248,0.3779,0.8497,0.6998,0.7454,0.7556,0.2976,0.9836,0.7956
two_stage,50,25,gamma2,-1.17,-1.336553,11.096292,1.115219,-0.166553,-14.24,11.041364,0.8987,0.0633,99,-3.7472,0.6473,0.7248,0.3779,0.8497,0.6998,0.7454,0.7556,0.2976,0.9836,0.7956
two_stage,50,25,B12_1,0.45,0.192655,0.196146,0.019713,-0.257345,-57.19,0.322972,,,99,-3.7472,0.6473,0.7248,0.3779,0.8497,0.6998,0.7454,0.7556,0.2976,0.9836,0.7956
two_stage,50,25,B12_2,0.22,0.125661,0.162409,0.016323,-0.094339,-42.88,0.18711,,,99,-3.7472,0.6473,0.7248,0.3779,0.8497,0.6998,0.7454,0.7556,0.2976,0.9836,0.7956
two_stage,50,25,gamma3_1,0.26,0.0,0.0,0.0,-0.26,-100.0,0.26,,,99,-3.7472,0.6473,0.7248,0.3779,0.8497,0.6998,0.7454,0.7556,0.2976,0.9836,0.7956
two_stage,50,25,gamma3_2,-0.83,0.0,0.0,0.0,0.83,100.0,0.83,,,99,-3.7472,0.6473,0.7248,0.3779,0.8497,0.6998,0.7454,0.7556,0.2976,0.9836,0.7956
two_stage,50,25,gamma4_1,-0.74,0.0,0.0,0.0,0.74,100.0,0.74,,,99,-3.7472,0.6473,0.7248,0.3779,0.8497,0.6998,0.7454,0.7556,0.2976,0.9836,0.7956
two_stage,50,25,gamma4_2,-0.19,0.0,0.0,0.0,0.19,100.0,0.19,,,99,-3.7472,0.6473,0.7248,0.3779,0.8497,0.6998,0.7454,0.7556,0.2976,0.9836,0.7956
two_stage,50,25,P12,1e-12,0.0,0.0,0.0,-0.0,-0.0,0.0,,,99,-3.7472,0.6473,0.7248,0.3779,0.8497,0.6998,0.7454,0.7556,0.2976,0.9836,0.7956
two_stage,50,25,Q2d_1,0.16,0.042194,0.042539,0.004275,-0.117806,-73.63,0.125178,,,99,-3.7472,0.6473,0.7248,0.3779,0.8497,0.6998,0.7454,0.7556,0.2976,0.9836,0.7956
two_stage,50,25,Q2d_2,0.12,0.053616,0.032737,0.00329,-0.066384,-55.32,0.073943,,,99,-3.7472,0.6473,0.7248,0.3779,0.8497,0.6998,0.7454,0.7556,0.2976,0.9836,0.7956
two_stage,50,25,P2,0.2,0.72074,0.215805,0.021689,0.52074,260.37,0.563269,,,99,-3.7472,0.6473,0.7248,0.3779,0.8497,0.6998,0.7454,0.7556,0.2976,0.9836,0.7956
two_stage,50,25,LogLikelihood,,-3.7472,0.0395,,,,,,,99,-3.7472,0.6473,0.7248,0.3779,0.8497,0.6998,0.7454,0.7556,0.2976,0.9836,0.7956
two_stage,50,25,ConvergenceRate,,0.99,,,,,,,,100,-3.7472,0.6473,0.7248,0.3779,0.8497,0.6998,0.7454,0.7556,0.2976,0.9836,0.7956
two_stage,50,50,gamma1,1.48,-6.421043,15.583878,1.574209,-7.901043,-533.85,17.401311,0.5663,0.5663,98,-3.6845,0.6445,0.6686,0.4839,0.9302,0.6888,0.7067,0.7082,0.381,0.9948,0.7609
two_stage,50,50,B11_1,-0.05,0.015223,0.082342,0.008318,0.065223,130.45,0.104714,0.1531,0.6429,98,-3.6845,0.6445,0.6686,0.4839,0.9302,0.6888,0.7067,0.7082,0.381,0.9948,0.7609
two_stage,50,50,B11_2,-0.06,0.016106,0.069473,0.007018,0.076106,126.84,0.102807,0.1327,0.7653,98,-3.6845,0.6445,0.6686,0.4839,0.9302,0.6888,0.7067,0.7082,0.381,0.9948,0.7609
two_stage,50,50,B21_1,-0.87,-0.107292,0.177336,0.017914,0.762708,87.67,0.782848,0.0714,0.6224,98,-3.6845,0.6445,0.6686,0.4839,0.9302,0.6888,0.7067,0.7082,0.381,0.9948,0.7609
two_stage,50,50,B21_2,-0.77,-0.074341,0.134692,0.013606,0.695659,90.35,0.708448,0.1122,0.4694,98,-3.6845,0.6445,0.6686,0.4839,0.9302,0.6888,0.7067,0.7082,0.381,0.9948,0.7609
two_stage,50,50,B22_1,-0.92,-0.269115,0.551302,0.05569,0.650885,70.75,0.851166,0.1939,0.7857,98,-3.6845,0.6445,0.6686,0.4839,0.9302,0.6888,0.7067,0.7082,0.381,0.9948,0.7609
two_stage,50,50,B22_2,-0.45,-0.106681,0.233794,0.023617,0.343319,76.29,0.414692,0.1735,0.4694,98,-3.6845,0.6445,0.6686,0.4839,0.9302,0.6888,0.7067,0.7082,0.381,0.9948,0.7609
two_stage,50,50,B31d_1,0.33,0.647666,0.72179,0.072912,0.317666,96.26,0.785224,0.1633,0.8571,98,-3.6845,0.6445,0.6686,0.4839,0.9302,0.6888,0.7067,0.7082,0.381,0.9948,0.7609
two_stage,50,50,B31d_2,0.15,0.716823,0.682679,0.068961,0.566823,377.88,0.884637,0.1649,0.8454,98,-3.6845,0.6445,0.6686,0.4839,0.9302,0.6888,0.7067,0.7082,0.381,0.9948,0.7609
two_stage,50,50,B32d_1,0.31,0.698365,0.285915,0.028882,0.388365,125.28,0.481395,0.2857,0.8061,98,-3.6845,0.6445,0.6686,0.4839,0.9302,0.6888,0.7067,0.7082,0.381,0.9948,0.7609
two_stage,50,50,B32d_2,0.69,0.934356,0.085787,0.008666,0.244356,35.41,0.258833,0.1633,0.9184,98,-3.6845,0.6445,0.6686,0.4839,0.9302,0.6888,0.7067,0.7082,0.381,0.9948,0.7609
two_stage,50,50,B41d_1,0.11,0.042095,0.246945,0.024945,-0.067905,-61.73,0.254893,0.5,0.4694,98,-3.6845,0.6445,0.6686,0.4839,0.9302,0.6888,0.7067,0.7082,0.381,0.9948,0.7609
two_stage,50,50,B41d_2,-0.3,-0.036494,0.224741,0.022702,0.263506,87.84,0.345584,0.2268,0.1031,98,-3.6845,0.6445,0.6686,0.4839,0.9302,0.6888,0.7067,0.7082,0.381,0.9948,0.7609
two_stage,50,50,B42d_1,0.57,0.190398,0.203268,0.020533,-0.379602,-66.6,0.43011,0.2143,0.7551,98,-3.6845,0.6445,0.6686,0.4839,0.9302,0.6888,0.7067,0.7082,0.381,0.9948,0.7609
two_stage,50,50,B42d_2,0.01,0.005058,0.059505,0.006011,-0.004942,-49.42,0.059407,0.8061,0.1939,98,-3.6845,0.6445,0.6686,0.4839,0.9302,0.6888,0.7067,0.7082,0.381,0.9948,0.7609
two_stage,50,50,Q1d_1,0.08,0.037166,0.021436,0.002165,-0.042834,-53.54,0.047849,0.9898,0.0102,98,-3.6845,0.6445,0.6686,0.4839,0.9302,0.6888,0.7067,0.7082,0.381,0.9948,0.7609
two_stage,50,50,Q1d_2,0.05,0.031276,0.006129,0.000619,-0.018724,-37.45,0.019692,1.0,0.0,98,-3.6845,0.6445,0.6686,0.4839,0.9302,0.6888,0.7067,0.7082,0.381,0.9948,0.7609
two_stage,50,50,R1d_1,0.23,0.266059,0.018864,0.001906,0.036059,15.68,0.040651,0.9898,1.0,98,-3.6845,0.6445,0.6686,0.4839,0.9302,0.6888,0.7067,0.7082,0.381,0.9948,0.7609
two_stage,50,50,R1d_2,0.21,0.246409,0.016182,0.001635,0.036409,17.34,0.03981,0.9898,1.0,98,-3.6845,0.6445,0.6686,0.4839,0.9302,0.6888,0.7067,0.7082,0.381,0.9948,0.7609
two_stage,50,50,R1d_3,0.16,0.180546,0.007613,0.000769,0.020546,12.84,0.021898,1.0,1.0,98,-3.6845,0.6445,0.6686,0.4839,0.9302,0.6888,0.7067,0.7082,0.381,0.9948,0.7609
two_stage,50,50,R1d_4,0.61,0.624616,0.018769,0.001896,0.014616,2.4,0.023713,1.0,1.0,98,-3.6845,0.6445,0.6686,0.4839,0.9302,0.6888,0.7067,0.7082,0.381,0.9948,0.7609
two_stage,50,50,R2d_1,0.82,1.564659,2.603528,0.262996,0.744659,90.81,2.695127,0.9889,0.0333,98,-3.6845,0.6445,0.6686,0.4839,0.9302,0.6888,0.7067,0.7082,0.381,0.9948,0.7609
two_stage,50,50,R2d_2,0.73,1.12053,2.033537,0.205418,0.39053,53.5,2.060483,0.9775,0.0337,98,-3.6845,0.6445,0.6686,0.4839,0.9302,0.6888,0.7067,0.7082,0.381,0.9948,0.7609
two_stage,50,50,gamma2,-1.17,-2.453171,11.855974,1.197634,-1.283171,-109.67,11.864919,0.759,0.0602,98,-3.6845,0.6445,0.6686,0.4839,0.9302,0.6888,0.7067,0.7082,0.381,0.9948,0.7609
two_stage,50,50,B12_1,0.45,0.26861,0.393181,0.039717,-0.18139,-40.31,0.43118,,,98,-3.6845,0.6445,0.6686,0.4839,0.9302,0.6888,0.7067,0.7082,0.381,0.9948,0.7609
two_stage,50,50,B12_2,0.22,0.088354,0.089446,0.009035,-0.131646,-59.84,0.158901,,,98,-3.6845,0.6445,0.6686,0.4839,0.9302,0.6888,0.7067,0.7082,0.381,0.9948,0.7609
two_stage,50,50,gamma3_1,0.26,0.0,0.0,0.0,-0.26,-100.0,0.26,,,98,-3.6845,0.6445,0.6686,0.4839,0.9302,0.6888,0.7067,0.7082,0.381,0.9948,0.7609
two_stage,50,50,gamma3_2,-0.83,0.0,0.0,0.0,0.83,100.0,0.83,,,98,-3.6845,0.6445,0.6686,0.4839,0.9302,0.6888,0.7067,0.7082,0.381,0.9948,0.7609
two_stage,50,50,gamma4_1,-0.74,0.0,0.0,0.0,0.74,100.0,0.74,,,98,-3.6845,0.6445,0.6686,0.4839,0.9302,0.6888,0.7067,0.7082,0.381,0.9948,0.7609
two_stage,50,50,gamma4_2,-0.19,0.0,0.0,0.0,0.19,100.0,0.19,,,98,-3.6845,0.6445,0.6686,0.4839,0.9302,0.6888,0.7067,0.7082,0.381,0.9948,0.7609
two_stage,50,50,P12,1e-12,0.0,0.0,0.0,-0.0,-0.0,0.0,,,98,-3.6845,0.6445,0.6686,0.4839,0.9302,0.6888,0.7067,0.7082,0.381,0.9948,0.7609
two_stage,50,50,Q2d_1,0.16,0.132706,0.766146,0.077392,-0.027294,-17.06,0.762715,,,98,-3.6845,0.6445,0.6686,0.4839,0.9302,0.6888,0.7067,0.7082,0.381,0.9948,0.7609
two_stage,50,50,Q2d_2,0.12,0.03191,0.058375,0.005897,-0.08809,-73.41,0.105512,,,98,-3.6845,0.6445,0.6686,0.4839,0.9302,0.6888,0.7067,0.7082,0.381,0.9948,0.7609
two_stage,50,50,P2,0.2,0.691031,0.196526,0.019852,0.491031,245.52,0.528526,,,98,-3.6845,0.6445,0.6686,0.4839,0.9302,0.6888,0.7067,0.7082,0.381,0.9948,0.7609
two_stage,50,50,LogLikelihood,,-3.6845,0.0382,,,,,,,98,-3.6845,0.6445,0.6686,0.4839,0.9302,0.6888,0.7067,0.7082,0.381,0.9948,0.7609
two_stage,50,50,ConvergenceRate,,0.98,,,,,,,,100,-3.6845,0.6445,0.6686,0.4839,0.9302,0.6888,0.7067,0.7082,0.381,0.9948,0.7609
